id,delay
1,7.3051596
2,7.3051596
3,12.558011
